{
  "pages": [
    {
      "id": 0,
      "name": "General"
    }
  ],
  "current_page_id": 0,
  "todos": [],
  "count": 0,
  "completedCount": 0,
  "isExpanded": false,
  "useCustomColors": false,
  "priorityColors": {
    "high": {
      "r": 0.8509804010391235,
      "g": 0.34117648005485535,
      "b": 0.34117648005485535,
      "a": 1,
      "hsvHue": 0,
      "hsvSaturation": 0.5990844368934631,
      "hsvValue": 0.8509804010391235,
      "hslHue": 0,
      "hslSaturation": 0.6310673952102661,
      "hslLightness": 0.5960784554481506,
      "valid": true
    },
    "medium": {
      "r": 0.41960784792900085,
      "g": 0,
      "b": 0,
      "a": 1,
      "hsvHue": 0,
      "hsvSaturation": 1,
      "hsvValue": 0.41960784792900085,
      "hslHue": 0,
      "hslSaturation": 1,
      "hslLightness": 0.20981155335903168,
      "valid": true
    },
    "low": {
      "r": 1,
      "g": 0.16862745583057404,
      "b": 0.16862745583057404,
      "a": 1,
      "hsvHue": 0,
      "hsvSaturation": 0.8313725590705872,
      "hsvValue": 1,
      "hslHue": 0,
      "hslSaturation": 1,
      "hslLightness": 0.5843137502670288,
      "valid": true
    }
  }
}
